{
  "type": "tool component",
  "typeCode": "tool_component",
  "title": "Native Javascript",
  "subtitle": null,
  "componentName": "dropdown-javascript",
  "description": "<p>The most basic drop-down component for intelligent automatic positioning, you can use it to implement any component with drop-down function.</p>\n",
  "apiContent": "<h2 class=\"api-h2\" id=\"API_h2\">API</h2>\n<h3>EasyDropdown object</h3>\n<ol>\n<li>\n<p><code>getDropdownDirection()</code> function</p>\n<ul>\n<li>Function: Get the positioning information of the drop-down menu</li>\n<li>parameters:\n<ul>\n<li><code>referenceEl { HTMLElement }</code>: reference element, required</li>\n<li><code>targetEl { HTMLElement }</code>: target element, required</li>\n<li><code>direction { string }</code>: default direction, support left, top, bottom, right, leftEnd, topEnd, bottomEnd, rightEnd, default value: bottom</li>\n<li><code>tryAllDirection { boolean }</code>: Whether to try to switch to other directions when the target element in the opposite direction corresponding to the direction cannot fully appear in the viewport, default value: false</li>\n<li><code>tryEndDirection { boolean }</code>: whether to try to switch the end direction of the current direction, default value: true</li>\n<li><code>dropdownOffset { top: number; left: number; }</code>: the offset of the dropdown menu from the reference element</li>\n</ul>\n</li>\n<li>return value:<pre class=\"language-javascript\"><code>  <span class=\"token keyword\">interface</span> <span class=\"token class-name\">DropdownDirection</span> <span class=\"token punctuation\">{</span>\n    <span class=\"token literal-property property\">bottom</span><span class=\"token operator\">:</span> <span class=\"token keyword\">null</span><span class=\"token operator\">|</span>number<span class=\"token punctuation\">;</span>\n    <span class=\"token literal-property property\">direction</span><span class=\"token operator\">:</span> string<span class=\"token punctuation\">;</span> <span class=\"token comment\">// display direction</span>\n    <span class=\"token literal-property property\">horizontal</span><span class=\"token operator\">:</span> boolean<span class=\"token punctuation\">;</span> <span class=\"token comment\">// Whether the drop-down element is fully visible in the horizontal direction of the browser viewport</span>\n    <span class=\"token literal-property property\">horizontalVisibleWidth</span><span class=\"token operator\">:</span> number<span class=\"token punctuation\">;</span>\n    <span class=\"token literal-property property\">left</span><span class=\"token operator\">:</span> number<span class=\"token punctuation\">;</span>\n    <span class=\"token literal-property property\">right</span><span class=\"token operator\">:</span> number<span class=\"token operator\">|</span>number<span class=\"token punctuation\">;</span>\n    <span class=\"token literal-property property\">scrollParentHorizontal</span><span class=\"token operator\">:</span> boolean<span class=\"token punctuation\">;</span> <span class=\"token comment\">// Whether the drop-down element is fully visible in the horizontal area of the parent element with scroll bars</span>\n    <span class=\"token literal-property property\">scrollParentVertical</span><span class=\"token operator\">:</span> boolean<span class=\"token punctuation\">;</span>\n    <span class=\"token literal-property property\">top</span><span class=\"token operator\">:</span> number<span class=\"token punctuation\">;</span>\n    <span class=\"token literal-property property\">vertical</span><span class=\"token operator\">:</span> boolean<span class=\"token punctuation\">;</span> <span class=\"token comment\">// Whether the drop-down element is fully visible in the vertical direction of the browser viewport</span>\n    <span class=\"token literal-property property\">verticalVisibleHeight</span><span class=\"token operator\">:</span> number<span class=\"token punctuation\">;</span>\n    isRollback<span class=\"token operator\">?</span><span class=\"token operator\">:</span> boolean<span class=\"token punctuation\">;</span> <span class=\"token comment\">// Whether to roll back to the default direction</span>\n  <span class=\"token punctuation\">}</span><span class=\"token punctuation\">;</span>\n</code></pre>\n</li>\n</ul>\n</li>\n<li>\n<p><code>getScrollParent()</code> function</p>\n<ul>\n<li>Function: Get the parent element of the element with a scroll bar</li>\n<li>parameters:\n<ul>\n<li><code>ele { HTMLElement }</code>: target element</li>\n</ul>\n</li>\n<li>Return value: <code>HTMLElement|undefined</code></li>\n</ul>\n</li>\n<li>\n<p><code>eleIsInFixedParents()</code> function</p>\n<ul>\n<li>Function: to determine whether the dom element is in the fixed positioned element</li>\n<li>parameters:\n<ul>\n<li><code>ele { HTMLElement }</code>: target element</li>\n</ul>\n</li>\n<li>return value: <code>boolean</code></li>\n</ul>\n</li>\n<li>\n<p><code>hasScroll()</code> function</p>\n<ul>\n<li>Role: determine whether the browser or dom element has a scroll bar</li>\n<li>parameters:\n<ul>\n<li><code>ele { HTMLElement }</code>: target element. Optional, if no parameters are passed, it is to determine whether the browser has scroll bars</li>\n</ul>\n</li>\n<li>return value:<pre class=\"language-javascript\"><code> <span class=\"token keyword\">interface</span> <span class=\"token class-name\">HasScroll</span> <span class=\"token punctuation\">{</span>\n  <span class=\"token literal-property property\">vertical</span><span class=\"token operator\">:</span> boolean<span class=\"token punctuation\">;</span> <span class=\"token comment\">// Whether there is a scroll bar in the vertical direction</span>\n  <span class=\"token literal-property property\">horizontal</span><span class=\"token operator\">:</span> boolean<span class=\"token punctuation\">;</span> <span class=\"token comment\">// Whether there is a scroll bar in the horizontal direction</span>\n<span class=\"token punctuation\">}</span>\n</code></pre>\n</li>\n</ul>\n</li>\n<li>\n<p><code>scrollWidth()</code> function</p>\n<ul>\n<li>Function: Get the width of the element or browser scroll bar</li>\n<li>parameters:\n<ul>\n<li><code>ele { HTMLElement }</code>: target element. Optional, if no parameter is passed, it will get the width of the browser scroll bar</li>\n</ul>\n</li>\n<li>return value:<pre class=\"language-javascript\"><code> <span class=\"token keyword\">interface</span> <span class=\"token class-name\">ScrollWidth</span> <span class=\"token punctuation\">{</span>\n  <span class=\"token literal-property property\">vertical</span><span class=\"token operator\">:</span> number<span class=\"token punctuation\">;</span> <span class=\"token comment\">// The width of the vertical scroll bar</span>\n  <span class=\"token literal-property property\">horizontal</span><span class=\"token operator\">:</span> number<span class=\"token punctuation\">;</span> <span class=\"token comment\">// The width of the horizontal scroll bar</span>\n<span class=\"token punctuation\">}</span>\n</code></pre>\n</li>\n</ul>\n</li>\n<li>\n<p><code>offset()</code> function</p>\n<ul>\n<li>Function: Get the distance between the element and the topmost and leftmost of the browser</li>\n<li>parameters:\n<ul>\n<li><code>ele { HTMLElement }</code>: target element</li>\n</ul>\n</li>\n<li>return value:<pre class=\"language-javascript\"><code> <span class=\"token keyword\">interface</span> <span class=\"token class-name\">OffsetInfo</span> <span class=\"token punctuation\">{</span>\n  <span class=\"token literal-property property\">top</span><span class=\"token operator\">:</span> number<span class=\"token punctuation\">;</span>\n  <span class=\"token literal-property property\">left</span><span class=\"token operator\">:</span> number<span class=\"token punctuation\">;</span>\n<span class=\"token punctuation\">}</span>\n</code></pre>\n</li>\n</ul>\n</li>\n<li>\n<p>The <code>isClickOutside()</code> function</p>\n<ul>\n<li>Function: determine whether the click is outside the specified element</li>\n<li>parameters:\n<ul>\n<li><code>eventTarget { HTMLElement }</code>: element to be compared</li>\n<li><code>eles { HTMLElement|HTMLElement[] }</code>: target element</li>\n</ul>\n</li>\n<li>return value: <code>boolean</code></li>\n</ul>\n</li>\n<li>\n<p><code>camelCase2KebabCase()</code> function</p>\n<ul>\n<li>Function: Name changed from small hump to dash name</li>\n<li>parameters:\n<ul>\n<li><code>camelStr { string }</code>: small camel case string</li>\n</ul>\n</li>\n<li>return value: <code>string</code></li>\n</ul>\n</li>\n</ol>\n"
}