{
  "type": "universal",
  "typeCode": "generic",
  "title": "Dropdown",
  "subtitle": "drop-down menu",
  "componentName": "dropdown",
  "description": "<p>A drop-down menu that can intelligently and automatically adjust the display position and supports dynamic loading of drop-down content</p>\n",
  "apiContent": "<h2 class=\"api-h2\" id=\"API_h2\">API</h2>\n<h3>Dropdown property</h3>\n<div class=\"table-responsive\"><table class=\"api-table table table-hover\">\n<thead class=\"thead-light\">\n<tr>\n<th>Parameter</th>\n<th>Description</th>\n<th>Type</th>\n<th>Default</th>\n</tr>\n</thead>\n<tbody>\n<tr>\n<td>placement</td>\n<td>drop-down menu popup position</td>\n<td><code>left</code>/<code>top</code>/<code>bottom</code>/<code>right</code>/<code>leftEnd</code>/<code>topEnd</code>/<code>bottomEnd</code>/<code>rightEnd</code></td>\n<td>bottom</td>\n</tr>\n<tr>\n<td>tryReverseDirection</td>\n<td>Whether to try to display in the reverse direction when the drop-down menu cannot be fully displayed at the specified <code>direction</code></td>\n<td>boolean</td>\n<td>true</td>\n</tr>\n<tr>\n<td>tryAllDirection</td>\n<td>Whether to try to display in all directions when the dropdown menu cannot be fully displayed in the specified <code>direction</code></td>\n<td>boolean</td>\n<td>true</td>\n</tr>\n<tr>\n<td>trigger</td>\n<td>How to trigger the dropdown menu</td>\n<td><code>click</code>/<code>hover</code>/<code>contextMenu</code></td>\n<td>hover</td>\n</tr>\n<tr>\n<td>disabled</td>\n<td>Whether to disable the state</td>\n<td>boolean</td>\n<td>false</td>\n</tr>\n<tr>\n<td>lazy</td>\n<td>Whether to delay rendering</td>\n<td>boolean</td>\n<td>true</td>\n</tr>\n<tr>\n<td>teleported</td>\n<td>Whether to use teleport, if the value is <code>true</code>, the dom of the drop-down menu will be sent to <code>appendTo</code></td>\n<td>boolean</td>\n<td>true</td>\n</tr>\n<tr>\n<td>appendTo</td>\n<td>the parent element to which the drop-down menu dom node will be sent</td>\n<td>string</td>\n<td>body</td>\n</tr>\n<tr>\n<td>showToggleArrow</td>\n<td>Whether the target element that triggers the dropdown menu shows a downward triangle</td>\n<td>boolean</td>\n<td>true</td>\n</tr>\n<tr>\n<td>destroyOnHide</td>\n<td>Whether to destroy the dropdown menu when hidden</td>\n<td>boolean</td>\n<td>false</td>\n</tr>\n<tr>\n<td>dropdownClass</td>\n<td>extra class for dropdown</td>\n<td>string</td>\n<td></td>\n</tr>\n</tbody>\n</table></div>\n<h3>Dropdown event</h3>\n<div class=\"table-responsive\"><table class=\"api-table table table-hover\">\n<thead class=\"thead-light\">\n<tr>\n<th>Event Name</th>\n<th>Description</th>\n<th>Callback Parameters</th>\n</tr>\n</thead>\n<tbody>\n<tr>\n<td>show</td>\n<td>Triggered when the dropdown menu is shown</td>\n<td></td>\n</tr>\n<tr>\n<td>hide</td>\n<td>Triggered when the dropdown menu is hidden</td>\n<td></td>\n</tr>\n<tr>\n<td>clickOutside</td>\n<td>Click on a place other than a drop-down menu and trigger element to trigger</td>\n<td></td>\n</tr>\n</tbody>\n</table></div>\n<h3>Dropdown function</h3>\n<div class=\"table-responsive\"><table class=\"api-table table table-hover\">\n<thead class=\"thead-light\">\n<tr>\n<th>function name</th>\n<th>description</th>\n<th>parameters</th>\n</tr>\n</thead>\n<tbody>\n<tr>\n<td>show</td>\n<td>Show drop-down menu</td>\n<td></td>\n</tr>\n<tr>\n<td>hide</td>\n<td>Hide dropdown menu</td>\n<td></td>\n</tr>\n</tbody>\n</table></div>\n<h3>DropdownItem property</h3>\n<div class=\"table-responsive\"><table class=\"api-table table table-hover\">\n<thead class=\"thead-light\">\n<tr>\n<th>Parameter</th>\n<th>Description</th>\n<th>Type</th>\n<th>Default</th>\n</tr>\n</thead>\n<tbody>\n<tr>\n<td>disabled</td>\n<td>Whether to disable the state</td>\n<td>boolean</td>\n<td>false</td>\n</tr>\n<tr>\n<td>divider</td>\n<td>Whether to display lines</td>\n<td>boolean</td>\n<td>false</td>\n</tr>\n<tr>\n<td>active</td>\n<td>whether it is active</td>\n<td>boolean</td>\n<td>false</td>\n</tr>\n</tbody>\n</table></div>\n<h3>DropdownItem event</h3>\n<div class=\"table-responsive\"><table class=\"api-table table table-hover\">\n<thead class=\"thead-light\">\n<tr>\n<th>Event Name</th>\n<th>Description</th>\n<th>Callback Parameters</th>\n</tr>\n</thead>\n<tbody>\n<tr>\n<td>click</td>\n<td>click event</td>\n<td>(evt: ClickEvent)</td>\n</tr>\n</tbody>\n</table></div>\n"
}