{
  "type": "通用",
  "typeCode": "generic",
  "title": "Dropdown",
  "subtitle": "下拉菜单",
  "componentName": "dropdown",
  "description": "<p>可智能自动调整显示位置的、支持动态加载下拉内容的下拉菜单</p>\n",
  "apiContent": "<h2 class=\"api-h2\" id=\"API_h2\">API</h2>\n<h3>Dropdown 属性</h3>\n<div class=\"table-responsive\"><table class=\"api-table table table-hover\">\n<thead class=\"thead-light\">\n<tr>\n<th>参数</th>\n<th>说明</th>\n<th>类型</th>\n<th>默认值</th>\n</tr>\n</thead>\n<tbody>\n<tr>\n<td>placement</td>\n<td>下拉菜单弹出位置</td>\n<td><code>left</code>/<code>top</code>/<code>bottom</code>/<code>right</code>/<code>leftCenter</code>/<code>leftEnd</code>/<code>topCenter</code>/<code>topEnd</code>/<code>bottomCenter</code>/<code>bottomEnd</code>/<code>rightCenter</code>/<code>rightEnd</code></td>\n<td>bottom</td>\n</tr>\n<tr>\n<td>tryReverseDirection</td>\n<td>当在指定的<code>direction</code>位置下拉菜单不能完全显示时，是否尝试反方向显示</td>\n<td>boolean</td>\n<td>true</td>\n</tr>\n<tr>\n<td>tryAllDirection</td>\n<td>当在指定的<code>direction</code>位置下拉菜单不能完全显示时，是否尝试所有方向显示</td>\n<td>boolean</td>\n<td>true</td>\n</tr>\n<tr>\n<td>trigger</td>\n<td>触发下拉菜单显示的方式</td>\n<td><code>click</code>/<code>hover</code>/<code>contextMenu</code></td>\n<td>hover</td>\n</tr>\n<tr>\n<td>disabled</td>\n<td>是否禁用状态</td>\n<td>boolean</td>\n<td>false</td>\n</tr>\n<tr>\n<td>lazy</td>\n<td>是否延迟渲染</td>\n<td>boolean</td>\n<td>true</td>\n</tr>\n<tr>\n<td>teleported</td>\n<td>是否使用 teleport，该值若为<code>true</code>，下拉菜单的dom会被传送到<code>appendTo</code>中</td>\n<td>boolean</td>\n<td>true</td>\n</tr>\n<tr>\n<td>appendTo</td>\n<td>下拉菜单dom节点即将传送到的父级元素</td>\n<td>string</td>\n<td>body</td>\n</tr>\n<tr>\n<td>showToggleArrow</td>\n<td>触发下拉菜单的目标元素是否显示向下三角</td>\n<td>boolean</td>\n<td>true</td>\n</tr>\n<tr>\n<td>destroyOnHide</td>\n<td>隐藏时是否销毁下拉菜单</td>\n<td>boolean</td>\n<td>false</td>\n</tr>\n<tr>\n<td>dropdownClass</td>\n<td>下拉菜单的额外class</td>\n<td>string</td>\n<td></td>\n</tr>\n</tbody>\n</table></div>\n<h3>Dropdown 事件</h3>\n<div class=\"table-responsive\"><table class=\"api-table table table-hover\">\n<thead class=\"thead-light\">\n<tr>\n<th>事件名称</th>\n<th>说明</th>\n<th>回调参数</th>\n</tr>\n</thead>\n<tbody>\n<tr>\n<td>show</td>\n<td>下拉菜单显示时触发</td>\n<td></td>\n</tr>\n<tr>\n<td>hide</td>\n<td>下拉菜单隐藏时触发</td>\n<td></td>\n</tr>\n<tr>\n<td>clickOutside</td>\n<td>点击非下拉菜单及触发元素以外的地方触发</td>\n<td></td>\n</tr>\n</tbody>\n</table></div>\n<h3>Dropdown 函数</h3>\n<div class=\"table-responsive\"><table class=\"api-table table table-hover\">\n<thead class=\"thead-light\">\n<tr>\n<th>函数名称</th>\n<th>说明</th>\n<th>参数</th>\n</tr>\n</thead>\n<tbody>\n<tr>\n<td>show</td>\n<td>显示下拉菜单</td>\n<td></td>\n</tr>\n<tr>\n<td>hide</td>\n<td>隐藏下拉菜单</td>\n<td></td>\n</tr>\n</tbody>\n</table></div>\n<h3>DropdownItem 属性</h3>\n<div class=\"table-responsive\"><table class=\"api-table table table-hover\">\n<thead class=\"thead-light\">\n<tr>\n<th>参数</th>\n<th>说明</th>\n<th>类型</th>\n<th>默认值</th>\n</tr>\n</thead>\n<tbody>\n<tr>\n<td>disabled</td>\n<td>是否禁用状态</td>\n<td>boolean</td>\n<td>false</td>\n</tr>\n<tr>\n<td>divider</td>\n<td>是否显示线条</td>\n<td>boolean</td>\n<td>false</td>\n</tr>\n<tr>\n<td>active</td>\n<td>是否为激活状态</td>\n<td>boolean</td>\n<td>false</td>\n</tr>\n</tbody>\n</table></div>\n<h3>DropdownItem 事件</h3>\n<div class=\"table-responsive\"><table class=\"api-table table table-hover\">\n<thead class=\"thead-light\">\n<tr>\n<th>事件名称</th>\n<th>说明</th>\n<th>回调参数</th>\n</tr>\n</thead>\n<tbody>\n<tr>\n<td>click</td>\n<td>点击事件</td>\n<td>(evt: ClickEvent)</td>\n</tr>\n</tbody>\n</table></div>\n"
}