{
  "type": "tool component",
  "typeCode": "tool_component",
  "title": "DropdownTransition",
  "subtitle": "drop down transition",
  "componentName": "dropdown-transition",
  "description": "<p>The most basic drop-down component, you can use it to implement any component with drop-down function</p>\n",
  "apiContent": "<h2 class=\"api-h2\" id=\"API_h2\">API</h2>\n<h3>DropdownTransition property</h3>\n<div class=\"table-responsive\"><table class=\"api-table table table-hover\">\n<thead class=\"thead-light\">\n<tr>\n<th>Parameter</th>\n<th>Description</th>\n<th>Type</th>\n<th>Default</th>\n</tr>\n</thead>\n<tbody>\n<tr>\n<td>placement</td>\n<td>drop-down menu popup position</td>\n<td><code>left</code>/<code>top</code>/<code>bottom</code>/<code>right</code>/<code>leftEnd</code>/<code>topEnd</code>/<code>bottomEnd</code>/<code>rightEnd</code></td>\n<td>bottom</td>\n</tr>\n<tr>\n<td>referenceRef</td>\n<td>Reference element (that is, the element that triggers the drop-down)</td>\n<td>Ref&lt;HtmlElement｜VueComponent &gt;</td>\n<td></td>\n</tr>\n<tr>\n<td>willVisible</td>\n<td>Whether the drop-down menu will be displayed soon, this value needs to be set <code>50ms</code> before the drop-down menu is displayed, so that the component can calculate the real display position of the drop-down menu more accurately</td>\n<td>boolean</td>\n<td>false</td>\n</tr>\n<tr>\n<td>tryEndDirection</td>\n<td>Whether to try the <code>end</code> direction of the <code>direction</code> direction when the drop-down menu cannot be fully displayed at the specified <code>direction</code> position</td>\n<td>boolean</td>\n<td>true</td>\n</tr>\n<tr>\n<td>tryAllDirection</td>\n<td>Whether to try to display in all directions when the dropdown menu cannot be fully displayed in the specified <code>direction</code></td>\n<td>boolean</td>\n<td>true</td>\n</tr>\n<tr>\n<td>useZoomTransition</td>\n<td>Whether to use the zoom transition effect, if the value is <code>true</code>, then no matter where the drop-down menu is displayed, the drop-down menu will transition with the zoom effect</td>\n<td>boolean</td>\n<td>false</td>\n</tr>\n<tr>\n<td>position</td>\n<td>drop-down menu positioning method</td>\n<td>string</td>\n<td>absolute</td>\n</tr>\n<tr>\n<td>setWidth</td>\n<td>Whether to set the width of the drop-down menu equal to the width of the reference element</td>\n<td>boolean</td>\n<td>false</td>\n</tr>\n<tr>\n<td>setMinWidth</td>\n<td>Whether to set the minimum width of the drop-down menu equal to the width of the reference element</td>\n<td>boolean</td>\n<td>false</td>\n</tr>\n<tr>\n<td>offset</td>\n<td>The offset of the dropdown menu from the reference element</td>\n<td>{ top?: number; left?: number; }</td>\n<td>false</td>\n</tr>\n<tr>\n<td>customTransitionName</td>\n<td>drop-down menu custom transition name</td>\n<td>(direction) =&gt; string</td>\n<td></td>\n</tr>\n<tr>\n<td>customStyle</td>\n<td>custom drop-down menu style</td>\n<td>(direction) =&gt; string</td>\n<td></td>\n</tr>\n</tbody>\n</table></div>\n<h3>DropdownTransition event</h3>\n<div class=\"table-responsive\"><table class=\"api-table table table-hover\">\n<thead class=\"thead-light\">\n<tr>\n<th>Event Name</th>\n<th>Description</th>\n<th>Callback Parameters</th>\n</tr>\n</thead>\n<tbody>\n<tr>\n<td>before-enter</td>\n<td>Same as <code>transition</code> component before-enter event</td>\n<td></td>\n</tr>\n<tr>\n<td>enter</td>\n<td>Same as <code>transition</code> component enter event</td>\n<td></td>\n</tr>\n<tr>\n<td>after-enter</td>\n<td>same as <code>transition</code> component after-enter event</td>\n<td></td>\n</tr>\n<tr>\n<td>before-leave</td>\n<td>same as <code>transition</code> component before-leave event</td>\n<td></td>\n</tr>\n<tr>\n<td>leave</td>\n<td>Same as <code>transition</code> component leave event</td>\n<td></td>\n</tr>\n<tr>\n<td>after-leave</td>\n<td>Same as <code>transition</code> component after-leave event</td>\n<td></td>\n</tr>\n<tr>\n<td>position-change</td>\n<td>drop-down menu position information <code>change</code> event</td>\n<td>function (positionInfo: object)</td>\n</tr>\n</tbody>\n</table></div>\n<h3>DropdownTransition function</h3>\n<div class=\"table-responsive\"><table class=\"api-table table table-hover\">\n<thead class=\"thead-light\">\n<tr>\n<th>function name</th>\n<th>description</th>\n<th>parameters</th>\n</tr>\n</thead>\n<tbody>\n<tr>\n<td>refresh</td>\n<td>Refresh positioning</td>\n<td></td>\n</tr>\n</tbody>\n</table></div>\n"
}