{
  "type": "工具组件",
  "typeCode": "tool_component",
  "title": "DropdownTransition",
  "subtitle": "下拉过渡",
  "componentName": "dropdown-transition",
  "description": "<p>智能自动定位的最基础的下拉组件，你可以用它实现任何带有下拉功能的组件.</p>\n",
  "apiContent": "<h2 class=\"api-h2\" id=\"API_h2\">API</h2>\n<h3>DropdownTransition 属性</h3>\n<div class=\"table-responsive\"><table class=\"api-table table table-hover\">\n<thead class=\"thead-light\">\n<tr>\n<th>参数</th>\n<th>说明</th>\n<th>类型</th>\n<th>默认值</th>\n</tr>\n</thead>\n<tbody>\n<tr>\n<td>placement</td>\n<td>下拉菜单弹出位置</td>\n<td><code>left</code>/<code>top</code>/<code>bottom</code>/<code>right</code>/<code>leftCenter</code>/<code>leftEnd</code>/<code>topCenter</code>/<code>topEnd</code>/<code>bottomCenter</code>/<code>bottomEnd</code>/<code>rightCenter</code>/<code>rightEnd</code></td>\n<td>bottom</td>\n</tr>\n<tr>\n<td>referenceRef</td>\n<td>参照元素(即触发下拉的元素)</td>\n<td>Ref&lt;HtmlElement｜VueComponent  &gt;</td>\n<td></td>\n</tr>\n<tr>\n<td>willVisible</td>\n<td>下拉菜单是否即将显示，该值需在下拉菜单显示前<code>50ms</code>进行设置，这样组件才能更准确的计算下拉菜单真实显示位置</td>\n<td>boolean</td>\n<td>false</td>\n</tr>\n<tr>\n<td>tryEndDirection</td>\n<td>当在指定的<code>direction</code>位置下拉菜单不能完全显示时，是否尝试<code>direction</code>方向的<code>end</code>方向</td>\n<td>boolean</td>\n<td>true</td>\n</tr>\n<tr>\n<td>tryAllDirection</td>\n<td>当在指定的<code>direction</code>位置下拉菜单不能完全显示时，是否尝试所有方向显示</td>\n<td>boolean</td>\n<td>true</td>\n</tr>\n<tr>\n<td>useZoomTransition</td>\n<td>是否使用zoom过渡效果，如果值为<code>true</code>，那么不管下拉菜单显示在哪个位置，下拉菜单都以zoom效果进行过渡</td>\n<td>boolean</td>\n<td>false</td>\n</tr>\n<tr>\n<td>position</td>\n<td>下拉菜单定位方式</td>\n<td>string</td>\n<td>absolute</td>\n</tr>\n<tr>\n<td>setWidth</td>\n<td>是否设置下拉菜单的宽度等于参照元素的宽度</td>\n<td>boolean</td>\n<td>false</td>\n</tr>\n<tr>\n<td>setMinWidth</td>\n<td>是否设置下拉菜单的最小宽度等于参照元素的宽度</td>\n<td>boolean</td>\n<td>false</td>\n</tr>\n<tr>\n<td>offset</td>\n<td>下拉菜单距参照元素的偏移量</td>\n<td>{ top?: number; left?: number; }</td>\n<td>false</td>\n</tr>\n<tr>\n<td>customTransitionName</td>\n<td>下拉菜单自定义transition name</td>\n<td>(direction) =&gt; string</td>\n<td></td>\n</tr>\n<tr>\n<td>customStyle</td>\n<td>自定义下拉菜单style</td>\n<td>(direction) =&gt; string</td>\n<td></td>\n</tr>\n</tbody>\n</table></div>\n<h3>DropdownTransition 事件</h3>\n<div class=\"table-responsive\"><table class=\"api-table table table-hover\">\n<thead class=\"thead-light\">\n<tr>\n<th>事件名称</th>\n<th>说明</th>\n<th>回调参数</th>\n</tr>\n</thead>\n<tbody>\n<tr>\n<td>before-enter</td>\n<td>同<code>transition</code>组件before-enter事件</td>\n<td></td>\n</tr>\n<tr>\n<td>enter</td>\n<td>同<code>transition</code>组件enter事件</td>\n<td></td>\n</tr>\n<tr>\n<td>after-enter</td>\n<td>同<code>transition</code>组件after-enter事件</td>\n<td></td>\n</tr>\n<tr>\n<td>before-leave</td>\n<td>同<code>transition</code>组件before-leave事件</td>\n<td></td>\n</tr>\n<tr>\n<td>leave</td>\n<td>同<code>transition</code>组件leave事件</td>\n<td></td>\n</tr>\n<tr>\n<td>after-leave</td>\n<td>同<code>transition</code>组件after-leave事件</td>\n<td></td>\n</tr>\n<tr>\n<td>position-change</td>\n<td>下拉菜单位置信息<code>change</code>事件</td>\n<td>function (positionInfo: object)</td>\n</tr>\n</tbody>\n</table></div>\n<h3>DropdownTransition 函数</h3>\n<div class=\"table-responsive\"><table class=\"api-table table table-hover\">\n<thead class=\"thead-light\">\n<tr>\n<th>函数名称</th>\n<th>说明</th>\n<th>参数</th>\n</tr>\n</thead>\n<tbody>\n<tr>\n<td>refresh</td>\n<td>刷新定位</td>\n<td></td>\n</tr>\n</tbody>\n</table></div>\n"
}